,Language,Count,Percentage
0,nl,6836,3.360220999906606
1,en,181544,89.2375601531663
2,fr,9384,4.612684883429432
3,es,2763,1.3581466680430005
4,it,615,0.3023019185111999
